Calculated dynamic hourly prices form wholesale prices ,,,
EUR/kWh ,,,
Eurostat/Ember ,,,
country,cons_size,hour,Value
Austria,large,0,0.235789501
Austria,large,1,0.219406451
Austria,large,2,0.210428647
Austria,large,3,0.204140991
Austria,large,4,0.208086406
Austria,large,5,0.229550515
Austria,large,6,0.272464915
Austria,large,7,0.306307714
Austria,large,8,0.304123632
Austria,large,9,0.278189784
Austria,large,10,0.251481113
Austria,large,11,0.235454439
Austria,large,12,0.221057114
Austria,large,13,0.210431494
Austria,large,14,0.211113074
Austria,large,15,0.230050261
Austria,large,16,0.254003521
Austria,large,17,0.290837857
Austria,large,18,0.325048836
Austria,large,19,0.346222247
Austria,large,20,0.332288635
Austria,large,21,0.301202982
Austria,large,22,0.280482869
Austria,large,23,0.250316033
Austria,medium,0,0.235093058
Austria,medium,1,0.218758398
Austria,medium,2,0.209807112
Austria,medium,3,0.203538027
Austria,medium,4,0.207471789
Austria,medium,5,0.228872499
Austria,medium,6,0.271660145
Austria,medium,7,0.305402984
Austria,medium,8,0.303225353
Austria,medium,9,0.277368104
Austria,medium,10,0.250738323
Austria,medium,11,0.234758986
Austria,medium,12,0.220404185
Austria,medium,13,0.20980995
Austria,medium,14,0.210489516
Austria,medium,15,0.22937077
Austria,medium,16,0.25325328
Austria,medium,17,0.28997882
Austria,medium,18,0.324088751
Austria,medium,19,0.345199623
Austria,medium,20,0.331307166
Austria,medium,21,0.300313329
Austria,medium,22,0.279654417
Austria,medium,23,0.249576684
Austria,small,0,0.263037836
Austria,small,1,0.244761525
Austria,small,2,0.234746228
Austria,small,3,0.227731957
Austria,small,4,0.232133312
Austria,small,5,0.256077859
Austria,small,6,0.303951538
Austria,small,7,0.341705283
Austria,small,8,0.339268803
Austria,small,9,0.310337985
Austria,small,10,0.280542804
Austria,small,11,0.262664053
Austria,small,12,0.246602943
Austria,small,13,0.234749403
Austria,small,14,0.235509748
Austria,small,15,0.256635357
Austria,small,16,0.283356707
Austria,small,17,0.324447696
Austria,small,18,0.362612168
Austria,small,19,0.386232424
Austria,small,20,0.370688614
Austria,small,21,0.336010636
Austria,small,22,0.312896064
Austria,small,23,0.279243084
Belgium,large,0,0.349109843
Belgium,large,1,0.319458734
Belgium,large,2,0.305676226
Belgium,large,3,0.28599645
Belgium,large,4,0.279519677
Belgium,large,5,0.303615766
Belgium,large,6,0.35877953
Belgium,large,7,0.421833662
Belgium,large,8,0.445543824
Belgium,large,9,0.413439151
Belgium,large,10,0.365606754
Belgium,large,11,0.334540001
Belgium,large,12,0.309111318
Belgium,large,13,0.281369231
Belgium,large,14,0.276962249
Belgium,large,15,0.293203652
Belgium,large,16,0.327478904
Belgium,large,17,0.39606191
Belgium,large,18,0.461795071
Belgium,large,19,0.502974649
Belgium,large,20,0.482331493
Belgium,large,21,0.436784611
Belgium,large,22,0.41375228
Belgium,large,23,0.371507919
Belgium,medium,0,0.37024593
Belgium,medium,1,0.33879966
Belgium,medium,2,0.32418272
Belgium,medium,3,0.303311475
Belgium,medium,4,0.29644258
Belgium,medium,5,0.321997513
Belgium,medium,6,0.380501047
Belgium,medium,7,0.447372651
Belgium,medium,8,0.472518294
Belgium,medium,9,0.438469914
Belgium,medium,10,0.38774161
Belgium,medium,11,0.354793988
Belgium,medium,12,0.327825782
Belgium,medium,13,0.298404111
Belgium,medium,14,0.293730318
Belgium,medium,15,0.310955022
Belgium,medium,16,0.347305393
Belgium,medium,17,0.420040606
Belgium,medium,18,0.489753436
Belgium,medium,19,0.533426142
Belgium,medium,20,0.511533191
Belgium,medium,21,0.463228774
Belgium,medium,22,0.438802001
Belgium,medium,23,0.394000047
Belgium,small,0,0.394935066
Belgium,small,1,0.361391861
Belgium,small,2,0.345800219
Belgium,small,3,0.323537215
Belgium,small,4,0.316210281
Belgium,small,5,0.343469296
Belgium,small,6,0.405874025
Belgium,small,7,0.477204834
Belgium,small,8,0.504027265
Belgium,small,9,0.467708434
Belgium,small,10,0.413597411
Belgium,small,11,0.378452741
Belgium,small,12,0.349686212
Belgium,small,13,0.318302614
Belgium,small,14,0.313317158
Belgium,small,15,0.331690458
Belgium,small,16,0.370464783
Belgium,small,17,0.448050204
Belgium,small,18,0.522411699
Belgium,small,19,0.568996635
Belgium,small,20,0.545643795
Belgium,small,21,0.494118291
Belgium,small,22,0.468062666
Belgium,small,23,0.42027318
Bulgaria,large,0,0.104717682
Bulgaria,large,1,0.099575354
Bulgaria,large,2,0.089687299
Bulgaria,large,3,0.084277896
Bulgaria,large,4,0.080133065
Bulgaria,large,5,0.083860833
Bulgaria,large,6,0.095740448
Bulgaria,large,7,0.11574724
Bulgaria,large,8,0.13012609
Bulgaria,large,9,0.127800176
Bulgaria,large,10,0.111594147
Bulgaria,large,11,0.097625164
Bulgaria,large,12,0.08984842
Bulgaria,large,13,0.086765345
Bulgaria,large,14,0.084212659
Bulgaria,large,15,0.090483519
Bulgaria,large,16,0.105770288
Bulgaria,large,17,0.124660601
Bulgaria,large,18,0.141772683
Bulgaria,large,19,0.158083748
Bulgaria,large,20,0.171988235
Bulgaria,large,21,0.16104251
Bulgaria,large,22,0.137750803
Bulgaria,large,23,0.120513697
Bulgaria,medium,0,0.104762645
Bulgaria,medium,1,0.099618109
Bulgaria,medium,2,0.089725808
Bulgaria,medium,3,0.084314082
Bulgaria,medium,4,0.080167471
Bulgaria,medium,5,0.083896841
Bulgaria,medium,6,0.095781556
Bulgaria,medium,7,0.115796938
Bulgaria,medium,8,0.130181962
Bulgaria,medium,9,0.12785505
Bulgaria,medium,10,0.111642062
Bulgaria,medium,11,0.097667081
Bulgaria,medium,12,0.089886998
Bulgaria,medium,13,0.086802599
Bulgaria,medium,14,0.084248818
Bulgaria,medium,15,0.09052237
Bulgaria,medium,16,0.105815702
Bulgaria,medium,17,0.124714126
Bulgaria,medium,18,0.141833556
Bulgaria,medium,19,0.158151624
Bulgaria,medium,20,0.172062081
Bulgaria,medium,21,0.161111656
Bulgaria,medium,22,0.137809949
Bulgaria,medium,23,0.120565441
Bulgaria,small,0,0.105122345
Bulgaria,small,1,0.099960145
Bulgaria,small,2,0.090033879
Bulgaria,small,3,0.084603572
Bulgaria,small,4,0.080442724
Bulgaria,small,5,0.084184898
Bulgaria,small,6,0.096110419
Bulgaria,small,7,0.116194524
Bulgaria,small,8,0.130628938
Bulgaria,small,9,0.128294037
Bulgaria,small,10,0.112025383
Bulgaria,small,11,0.098002419
Bulgaria,small,12,0.090195623
Bulgaria,small,13,0.087100634
Bulgaria,small,14,0.084538084
Bulgaria,small,15,0.090833177
Bulgaria,small,16,0.106179018
Bulgaria,small,17,0.125142329
Bulgaria,small,18,0.142320538
Bulgaria,small,19,0.158694634
Bulgaria,small,20,0.172652852
Bulgaria,small,21,0.161664829
Bulgaria,small,22,0.138283116
Bulgaria,small,23,0.1209794
Croatia,large,0,0.126389959
Croatia,large,1,0.115913188
Croatia,large,2,0.109893447
Croatia,large,3,0.104721997
Croatia,large,4,0.108128882
Croatia,large,5,0.121194622
Croatia,large,6,0.146092177
Croatia,large,7,0.165822706
Croatia,large,8,0.165876179
Croatia,large,9,0.149530111
Croatia,large,10,0.132245307
Croatia,large,11,0.123228314
Croatia,large,12,0.117485724
Croatia,large,13,0.112036672
Croatia,large,14,0.114725349
Croatia,large,15,0.130839902
Croatia,large,16,0.148918998
Croatia,large,17,0.168977939
Croatia,large,18,0.188894911
Croatia,large,19,0.204775172
Croatia,large,20,0.194437896
Croatia,large,21,0.169942625
Croatia,large,22,0.153168737
Croatia,large,23,0.133973798
Croatia,medium,0,0.124373098
Croatia,medium,1,0.11406351
Croatia,medium,2,0.108139829
Croatia,medium,3,0.103050901
Croatia,medium,4,0.106403421
Croatia,medium,5,0.119260665
Croatia,medium,6,0.143760919
Croatia,medium,7,0.163176599
Croatia,medium,8,0.163229218
Croatia,medium,9,0.147143992
Croatia,medium,10,0.130135009
Croatia,medium,11,0.121261904
Croatia,medium,12,0.115610952
Croatia,medium,13,0.110248853
Croatia,medium,14,0.112894626
Croatia,medium,15,0.128752031
Croatia,medium,16,0.146542631
Croatia,medium,17,0.166281483
Croatia,medium,18,0.18588063
Croatia,medium,19,0.201507484
Croatia,medium,20,0.191335164
Croatia,medium,21,0.167230774
Croatia,medium,22,0.150724555
Croatia,medium,23,0.131835919
Croatia,small,0,0.13370108
Croatia,small,1,0.122618273
Croatia,small,2,0.116250316
Croatia,small,3,0.110779719
Croatia,small,4,0.114383678
Croatia,small,5,0.128205215
Croatia,small,6,0.154542988
Croatia,small,7,0.175414844
Croatia,small,8,0.17547141
Croatia,small,9,0.158179792
Croatia,small,10,0.139895135
Croatia,small,11,0.130356547
Croatia,small,12,0.124281773
Croatia,small,13,0.118517517
Croatia,small,14,0.121361723
Croatia,small,15,0.138408433
Croatia,small,16,0.157533329
Croatia,small,17,0.178752594
Croatia,small,18,0.199821677
Croatia,small,19,0.216620545
Croatia,small,20,0.205685301
Croatia,small,21,0.179773082
Croatia,small,22,0.162028896
Croatia,small,23,0.141723612
Cyprus,large,0,0.35195
Cyprus,large,1,0.35195
Cyprus,large,2,0.35195
Cyprus,large,3,0.35195
Cyprus,large,4,0.35195
Cyprus,large,5,0.35195
Cyprus,large,6,0.35195
Cyprus,large,7,0.35195
Cyprus,large,8,0.35195
Cyprus,large,9,0.35195
Cyprus,large,10,0.35195
Cyprus,large,11,0.35195
Cyprus,large,12,0.35195
Cyprus,large,13,0.35195
Cyprus,large,14,0.35195
Cyprus,large,15,0.35195
Cyprus,large,16,0.35195
Cyprus,large,17,0.35195
Cyprus,large,18,0.35195
Cyprus,large,19,0.35195
Cyprus,large,20,0.35195
Cyprus,large,21,0.35195
Cyprus,large,22,0.35195
Cyprus,large,23,0.35195
Cyprus,medium,0,0.35955
Cyprus,medium,1,0.35955
Cyprus,medium,2,0.35955
Cyprus,medium,3,0.35955
Cyprus,medium,4,0.35955
Cyprus,medium,5,0.35955
Cyprus,medium,6,0.35955
Cyprus,medium,7,0.35955
Cyprus,medium,8,0.35955
Cyprus,medium,9,0.35955
Cyprus,medium,10,0.35955
Cyprus,medium,11,0.35955
Cyprus,medium,12,0.35955
Cyprus,medium,13,0.35955
Cyprus,medium,14,0.35955
Cyprus,medium,15,0.35955
Cyprus,medium,16,0.35955
Cyprus,medium,17,0.35955
Cyprus,medium,18,0.35955
Cyprus,medium,19,0.35955
Cyprus,medium,20,0.35955
Cyprus,medium,21,0.35955
Cyprus,medium,22,0.35955
Cyprus,medium,23,0.35955
Cyprus,small,0,0.3772
Cyprus,small,1,0.3772
Cyprus,small,2,0.3772
Cyprus,small,3,0.3772
Cyprus,small,4,0.3772
Cyprus,small,5,0.3772
Cyprus,small,6,0.3772
Cyprus,small,7,0.3772
Cyprus,small,8,0.3772
Cyprus,small,9,0.3772
Cyprus,small,10,0.3772
Cyprus,small,11,0.3772
Cyprus,small,12,0.3772
Cyprus,small,13,0.3772
Cyprus,small,14,0.3772
Cyprus,small,15,0.3772
Cyprus,small,16,0.3772
Cyprus,small,17,0.3772
Cyprus,small,18,0.3772
Cyprus,small,19,0.3772
Cyprus,small,20,0.3772
Cyprus,small,21,0.3772
Cyprus,small,22,0.3772
Cyprus,small,23,0.3772
Czechia,large,0,0.227420139
Czechia,large,1,0.212169117
Czechia,large,2,0.202992177
Czechia,large,3,0.195750119
Czechia,large,4,0.200781225
Czechia,large,5,0.219615473
Czechia,large,6,0.265353075
Czechia,large,7,0.298626625
Czechia,large,8,0.298443468
Czechia,large,9,0.270178924
Czechia,large,10,0.239987229
Czechia,large,11,0.222806388
Czechia,large,12,0.210993272
Czechia,large,13,0.200107573
Czechia,large,14,0.205084012
Czechia,large,15,0.224189952
Czechia,large,16,0.2485627
Czechia,large,17,0.284699096
Czechia,large,18,0.323500266
Czechia,large,19,0.349452256
Czechia,large,20,0.330028442
Czechia,large,21,0.295453841
Czechia,large,22,0.273721716
Czechia,large,23,0.240834595
Czechia,medium,0,0.272912774
Czechia,medium,1,0.254610971
Czechia,medium,2,0.243598296
Czechia,medium,3,0.234907552
Czechia,medium,4,0.240945069
Czechia,medium,5,0.26354688
Czechia,medium,6,0.318433733
Czechia,medium,7,0.358363253
Czechia,medium,8,0.358143457
Czechia,medium,9,0.324224935
Czechia,medium,10,0.287993758
Czechia,medium,11,0.267376098
Czechia,medium,12,0.253199913
Czechia,medium,13,0.240136662
Czechia,medium,14,0.246108577
Czechia,medium,15,0.269036428
Czechia,medium,16,0.298284648
Czechia,medium,17,0.341649691
Czechia,medium,18,0.388212564
Czechia,medium,19,0.419355934
Czechia,medium,20,0.396046622
Czechia,medium,21,0.354555792
Czechia,medium,22,0.328476419
Czechia,medium,23,0.28901063
Czechia,small,0,0.318878843
Czechia,small,1,0.29749451
Czechia,small,2,0.284626994
Czechia,small,3,0.274472489
Czechia,small,4,0.281526891
Czechia,small,5,0.307935474
Czechia,small,6,0.372066792
Czechia,small,7,0.418721548
Czechia,small,8,0.418464733
Czechia,small,9,0.378833393
Czechia,small,10,0.336499882
Czechia,small,11,0.312409638
Czechia,small,12,0.29584579
Czechia,small,13,0.280582326
Czechia,small,14,0.287560077
Czechia,small,15,0.314349613
Czechia,small,16,0.348524043
Czechia,small,17,0.39919296
Czechia,small,18,0.45359831
Czechia,small,19,0.489987086
Czechia,small,20,0.462751841
Czechia,small,21,0.414272807
Czechia,small,22,0.383800945
Czechia,small,23,0.337688023
Denmark,large,0,0.278658007
Denmark,large,1,0.260861285
Denmark,large,2,0.252704227
Denmark,large,3,0.24520466
Denmark,large,4,0.247107
Denmark,large,5,0.265815575
Denmark,large,6,0.316427884
Denmark,large,7,0.364295157
Denmark,large,8,0.370292291
Denmark,large,9,0.33195137
Denmark,large,10,0.294914297
Denmark,large,11,0.267107701
Denmark,large,12,0.245026685
Denmark,large,13,0.225938911
Denmark,large,14,0.223963506
Denmark,large,15,0.242582703
Denmark,large,16,0.280724842
Denmark,large,17,0.341892282
Denmark,large,18,0.388015947
Denmark,large,19,0.417267247
Denmark,large,20,0.398819383
Denmark,large,21,0.360622542
Denmark,large,22,0.329119789
Denmark,large,23,0.293815287
Denmark,medium,0,0.325351335
Denmark,medium,1,0.304572506
Denmark,medium,2,0.29504861
Denmark,medium,3,0.286292378
Denmark,medium,4,0.288513484
Denmark,medium,5,0.310356961
Denmark,medium,6,0.369450121
Denmark,medium,7,0.425338274
Denmark,medium,8,0.432340317
Denmark,medium,9,0.3875748
Denmark,medium,10,0.344331611
Denmark,medium,11,0.311865602
Denmark,medium,12,0.28608458
Denmark,medium,13,0.263798364
Denmark,medium,14,0.26149195
Denmark,medium,15,0.283231073
Denmark,medium,16,0.3277645
Denmark,medium,17,0.399181461
Denmark,medium,18,0.453033838
Denmark,medium,19,0.487186632
Denmark,medium,20,0.465647552
Denmark,medium,21,0.421050257
Denmark,medium,22,0.384268746
Denmark,medium,23,0.343048444
Denmark,small,0,0.34841086
Denmark,small,1,0.326159315
Denmark,small,2,0.315960405
Denmark,small,3,0.306583569
Denmark,small,4,0.308962097
Denmark,small,5,0.332353748
Denmark,small,6,0.395635181
Denmark,small,7,0.455484449
Denmark,small,8,0.462982768
Denmark,small,9,0.41504446
Denmark,small,10,0.368736376
Denmark,small,11,0.333969315
Denmark,small,12,0.306361044
Denmark,small,13,0.282495275
Denmark,small,14,0.280025392
Denmark,small,15,0.303305291
Denmark,small,16,0.350995059
Denmark,small,17,0.427473752
Denmark,small,18,0.485142957
Denmark,small,19,0.521716357
Denmark,small,20,0.498650678
Denmark,small,21,0.450892516
Denmark,small,22,0.411504087
Denmark,small,23,0.367362265
Estonia,large,0,0.14691862
Estonia,large,1,0.15069964
Estonia,large,2,0.13564225
Estonia,large,3,0.126364384
Estonia,large,4,0.1250929
Estonia,large,5,0.13935735
Estonia,large,6,0.170593546
Estonia,large,7,0.217986892
Estonia,large,8,0.255053324
Estonia,large,9,0.253344599
Estonia,large,10,0.222775537
Estonia,large,11,0.201707429
Estonia,large,12,0.183516271
Estonia,large,13,0.178251922
Estonia,large,14,0.166639322
Estonia,large,15,0.170411111
Estonia,large,16,0.186462042
Estonia,large,17,0.208671095
Estonia,large,18,0.247388025
Estonia,large,19,0.270841579
Estonia,large,20,0.279954644
Estonia,large,21,0.25765535
Estonia,large,22,0.225182227
Estonia,large,23,0.185505011
Estonia,medium,0,0.159929076
Estonia,medium,1,0.164044926
Estonia,medium,2,0.147654122
Estonia,medium,3,0.137554649
Estonia,medium,4,0.136170568
Estonia,medium,5,0.151698214
Estonia,medium,6,0.185700548
Estonia,medium,7,0.237290836
Estonia,medium,8,0.277639706
Estonia,medium,9,0.275779664
Estonia,medium,10,0.242503542
Estonia,medium,11,0.219569737
Estonia,medium,12,0.199767652
Estonia,medium,13,0.194037115
Estonia,medium,14,0.181396156
Estonia,medium,15,0.185501957
Estonia,medium,16,0.202974286
Estonia,medium,17,0.227150074
Estonia,medium,18,0.269295602
Estonia,medium,19,0.294826098
Estonia,medium,20,0.304746175
Estonia,medium,21,0.280472155
Estonia,medium,22,0.245123358
Estonia,medium,23,0.201932505
Estonia,small,0,0.179089283
Estonia,small,1,0.18369823
Estonia,small,2,0.165343735
Estonia,small,3,0.154034302
Estonia,small,4,0.152484401
Estonia,small,5,0.169872327
Estonia,small,6,0.207948291
Estonia,small,7,0.265719323
Estonia,small,8,0.310902165
Estonia,small,9,0.308819281
Estonia,small,10,0.271556534
Estonia,small,11,0.245875158
Estonia,small,12,0.223700696
Estonia,small,13,0.217283616
Estonia,small,14,0.203128214
Estonia,small,15,0.207725908
Estonia,small,16,0.227291499
Estonia,small,17,0.254363653
Estonia,small,18,0.301558401
Estonia,small,19,0.330147562
Estonia,small,20,0.341256108
Estonia,small,21,0.314073954
Estonia,small,22,0.274490215
Estonia,small,23,0.226124908
Finland,large,0,0.116657854
Finland,large,1,0.119215465
Finland,large,2,0.109652991
Finland,large,3,0.105996802
Finland,large,4,0.105733231
Finland,large,5,0.114530326
Finland,large,6,0.140500877
Finland,large,7,0.190233467
Finland,large,8,0.235932289
Finland,large,9,0.26028437
Finland,large,10,0.241040172
Finland,large,11,0.229885612
Finland,large,12,0.216566919
Finland,large,13,0.20482913
Finland,large,14,0.190128021
Finland,large,15,0.18326381
Finland,large,16,0.190371062
Finland,large,17,0.200449147
Finland,large,18,0.221592071
Finland,large,19,0.232387399
Finland,large,20,0.214716067
Finland,large,21,0.183158888
Finland,large,22,0.1702176
Finland,large,23,0.143731089
Finland,medium,0,0.148212847
Finland,medium,1,0.151462271
Finland,medium,2,0.139313226
Finland,medium,3,0.134668068
Finland,medium,4,0.134333203
Finland,medium,5,0.145509841
Finland,medium,6,0.178505213
Finland,medium,7,0.24169006
Finland,medium,8,0.299750039
Finland,medium,9,0.330689159
Finland,medium,10,0.306239563
Finland,medium,11,0.292067786
Finland,medium,12,0.275146496
Finland,medium,13,0.260233731
Finland,medium,14,0.241556092
Finland,medium,15,0.232835169
Finland,medium,16,0.241864874
Finland,medium,17,0.254668998
Finland,medium,18,0.28153091
Finland,medium,19,0.295246286
Finland,medium,20,0.272795003
Finland,medium,21,0.232701867
Finland,medium,22,0.216260065
Finland,medium,23,0.18260917
Finland,small,0,0.189180552
Finland,small,1,0.193328153
Finland,small,2,0.177820975
Finland,small,3,0.171891843
Finland,small,4,0.171464417
Finland,small,5,0.185730403
Finland,small,6,0.227846069
Finland,small,7,0.308495921
Finland,small,8,0.382604334
Finland,small,9,0.422095376
Finland,small,10,0.390887636
Finland,small,11,0.37279862
Finland,small,12,0.351200094
Finland,small,13,0.332165272
Finland,small,14,0.308324923
Finland,small,15,0.297193438
Finland,small,16,0.308719055
Finland,small,17,0.325062385
Finland,small,18,0.359349233
Finland,small,19,0.376855692
Finland,small,20,0.348198622
Finland,small,21,0.29702329
Finland,small,22,0.276036789
Finland,small,23,0.233084406
France,large,0,0.203511946
France,large,1,0.186207117
France,large,2,0.178255856
France,large,3,0.163812105
France,large,4,0.158131555
France,large,5,0.172615543
France,large,6,0.203816907
France,large,7,0.24045062
France,large,8,0.256187378
France,large,9,0.239546199
France,large,10,0.213523399
France,large,11,0.196619043
France,large,12,0.1837751
France,large,13,0.16802705
France,large,14,0.166335414
France,large,15,0.171947792
France,large,16,0.187750701
France,large,17,0.223276489
France,large,18,0.261114175
France,large,19,0.284038217
France,large,20,0.274054877
France,large,21,0.252131897
France,large,22,0.240406519
France,large,23,0.217630708
France,medium,0,0.225147462
France,medium,1,0.206002943
France,medium,2,0.197206377
France,medium,3,0.181227099
France,medium,4,0.174942645
France,medium,5,0.190966438
France,medium,6,0.225484843
France,medium,7,0.266013115
France,medium,8,0.28342286
France,medium,9,0.265012545
France,medium,10,0.23622324
France,medium,11,0.217521768
France,medium,12,0.203312376
France,medium,13,0.185890138
France,medium,14,0.184018663
France,medium,15,0.190227698
France,medium,16,0.207710626
France,medium,17,0.247013188
France,medium,18,0.288873429
France,medium,19,0.314234544
France,medium,20,0.303189867
France,medium,21,0.278936238
France,medium,22,0.265964326
France,medium,23,0.2407672
France,small,0,0.268786757
France,small,1,0.245931544
France,small,2,0.235429981
France,small,3,0.216353513
France,small,4,0.208850972
France,small,5,0.227980583
France,small,6,0.269189531
France,small,7,0.317573212
France,small,8,0.338357408
France,small,9,0.316378706
France,small,10,0.282009303
France,small,11,0.259683011
France,small,12,0.242719478
France,small,13,0.221920368
France,small,14,0.219686153
France,small,15,0.227098656
France,small,16,0.24797022
France,small,17,0.294890617
France,small,18,0.344864435
France,small,19,0.375141179
France,small,20,0.361955763
France,small,21,0.333001164
France,small,22,0.317514967
France,small,23,0.287433997
Germany,large,0,0.333781307
Germany,large,1,0.311376458
Germany,large,2,0.298663031
Germany,large,3,0.289334697
Germany,large,4,0.292792825
Germany,large,5,0.31945355
Germany,large,6,0.386331797
Germany,large,7,0.442248125
Germany,large,8,0.441938192
Germany,large,9,0.399858562
Germany,large,10,0.353595464
Germany,large,11,0.321498145
Germany,large,12,0.290608645
Germany,large,13,0.266666687
Germany,large,14,0.265010711
Germany,large,15,0.291881337
Germany,large,16,0.338400167
Germany,large,17,0.408157798
Germany,large,18,0.469359101
Germany,large,19,0.509402194
Germany,large,20,0.487792058
Germany,large,21,0.438480064
Germany,large,22,0.403909874
Germany,large,23,0.357052964
Germany,medium,0,0.35691857
Germany,medium,1,0.332960647
Germany,medium,2,0.319365943
Germany,medium,3,0.309390981
Germany,medium,4,0.313088822
Germany,medium,5,0.341597633
Germany,medium,6,0.413111788
Germany,medium,7,0.472904159
Germany,medium,8,0.472572742
Germany,medium,9,0.42757621
Germany,medium,10,0.378106217
Germany,medium,11,0.343783956
Germany,medium,12,0.310753238
Germany,medium,13,0.285151656
Germany,medium,14,0.283380891
Germany,medium,15,0.312114152
Germany,medium,16,0.361857603
Germany,medium,17,0.436450737
Germany,medium,18,0.501894431
Germany,medium,19,0.544713255
Germany,medium,20,0.521605135
Germany,medium,21,0.468874901
Germany,medium,22,0.431908353
Germany,medium,23,0.381803386
Germany,small,0,0.394122237
Germany,small,1,0.367667042
Germany,small,2,0.352655285
Germany,small,3,0.341640575
Germany,small,4,0.345723863
Germany,small,5,0.37720431
Germany,small,6,0.456172795
Germany,small,7,0.522197668
Germany,small,8,0.521831706
Germany,small,9,0.472144927
Germany,small,10,0.417518393
Germany,small,11,0.379618527
Germany,small,12,0.343144828
Germany,small,13,0.314874647
Germany,small,14,0.312919304
Germany,small,15,0.344647597
Germany,small,16,0.399576093
Germany,small,17,0.481944497
Germany,small,18,0.554209762
Germany,small,19,0.601491838
Germany,small,20,0.575975025
Germany,small,21,0.517748418
Germany,small,22,0.476928634
Germany,small,23,0.42160094
Greece,large,0,0.230665879
Greece,large,1,0.222235875
Greece,large,2,0.214251959
Greece,large,3,0.202451669
Greece,large,4,0.193918057
Greece,large,5,0.202770582
Greece,large,6,0.224375902
Greece,large,7,0.253185475
Greece,large,8,0.269325389
Greece,large,9,0.252590383
Greece,large,10,0.220211346
Greece,large,11,0.197162363
Greece,large,12,0.183551385
Greece,large,13,0.175725704
Greece,large,14,0.170414569
Greece,large,15,0.188178211
Greece,large,16,0.224203332
Greece,large,17,0.25653518
Greece,large,18,0.285055597
Greece,large,19,0.308562669
Greece,large,20,0.339053529
Greece,large,21,0.322561361
Greece,large,22,0.278283531
Greece,large,23,0.250994838
Greece,medium,0,0.221034934
Greece,medium,1,0.212956907
Greece,medium,2,0.205306341
Greece,medium,3,0.193998747
Greece,medium,4,0.185821437
Greece,medium,5,0.194304345
Greece,medium,6,0.215007582
Greece,medium,7,0.242614275
Greece,medium,8,0.258080302
Greece,medium,9,0.24204403
Greece,medium,10,0.211016908
Greece,medium,11,0.188930284
Greece,medium,12,0.175887603
Greece,medium,13,0.168388666
Greece,medium,14,0.163299286
Greece,medium,15,0.180321246
Greece,medium,16,0.214842217
Greece,medium,17,0.245824121
Greece,medium,18,0.27315373
Greece,medium,19,0.295679317
Greece,medium,20,0.324897098
Greece,medium,21,0.309093524
Greece,medium,22,0.266664417
Greece,medium,23,0.240515103
Greece,small,0,0.237102401
Greece,small,1,0.228437165
Greece,small,2,0.220230465
Greece,small,3,0.208100899
Greece,small,4,0.199329165
Greece,small,5,0.208428711
Greece,small,6,0.230636908
Greece,small,7,0.260250386
Greece,small,8,0.27684067
Greece,small,9,0.259638689
Greece,small,10,0.226356144
Greece,small,11,0.202664
Greece,small,12,0.18867322
Greece,small,13,0.180629171
Greece,small,14,0.175169833
Greece,small,15,0.193429153
Greece,small,16,0.230459522
Greece,small,17,0.263693562
Greece,small,18,0.293009815
Greece,small,19,0.31717283
Greece,small,20,0.34851451
Greece,small,21,0.331562143
Greece,small,22,0.28604878
Greece,small,23,0.257998621
Hungary,large,0,0.119417043
Hungary,large,1,0.109771598
Hungary,large,2,0.104648298
Hungary,large,3,0.100686294
Hungary,large,4,0.103333103
Hungary,large,5,0.114811349
Hungary,large,6,0.139129764
Hungary,large,7,0.157360262
Hungary,large,8,0.155610213
Hungary,large,9,0.140386766
Hungary,large,10,0.124570028
Hungary,large,11,0.11616482
Hungary,large,12,0.110467142
Hungary,large,13,0.105726807
Hungary,large,14,0.107544194
Hungary,large,15,0.123688994
Hungary,large,16,0.143134373
Hungary,large,17,0.162394609
Hungary,large,18,0.180934915
Hungary,large,19,0.199055435
Hungary,large,20,0.188259155
Hungary,large,21,0.162508951
Hungary,large,22,0.144858616
Hungary,large,23,0.126845684
Hungary,medium,0,0.0955086
Hungary,medium,1,0.087794265
Hungary,medium,2,0.0836967
Hungary,medium,3,0.080527927
Hungary,medium,4,0.082644819
Hungary,medium,5,0.09182501
Hungary,medium,6,0.111274643
Hungary,medium,7,0.12585522
Hungary,medium,8,0.124455547
Hungary,medium,9,0.112279982
Hungary,medium,10,0.099629907
Hungary,medium,11,0.092907503
Hungary,medium,12,0.088350555
Hungary,medium,13,0.084559281
Hungary,medium,14,0.086012809
Hungary,medium,15,0.098925265
Hungary,medium,16,0.114477491
Hungary,medium,17,0.129881642
Hungary,medium,18,0.14471
Hungary,medium,19,0.159202617
Hungary,medium,20,0.150567857
Hungary,medium,21,0.129973092
Hungary,medium,22,0.115856524
Hungary,medium,23,0.101449955
Hungary,small,0,0.080529313
Hungary,small,1,0.074024872
Hungary,small,2,0.070569956
Hungary,small,3,0.067898165
Hungary,small,4,0.06968305
Hungary,small,5,0.077423446
Hungary,small,6,0.093822657
Hungary,small,7,0.106116459
Hungary,small,8,0.104936307
Hungary,small,9,0.094670321
Hungary,small,10,0.084004247
Hungary,small,11,0.078336164
Hungary,small,12,0.074493915
Hungary,small,13,0.071297253
Hungary,small,14,0.072522814
Hungary,small,15,0.083410118
Hungary,small,16,0.09652318
Hungary,small,17,0.109511389
Hungary,small,18,0.122014111
Hungary,small,19,0.134233749
Hungary,small,20,0.126953239
Hungary,small,21,0.109588496
Hungary,small,22,0.097685929
Hungary,small,23,0.085538844
Ireland,large,0,0.275522866
Ireland,large,1,0.264635914
Ireland,large,2,0.253267933
Ireland,large,3,0.2479518
Ireland,large,4,0.24976921
Ireland,large,5,0.261268982
Ireland,large,6,0.296008047
Ireland,large,7,0.340515065
Ireland,large,8,0.366286158
Ireland,large,9,0.368205206
Ireland,large,10,0.352082086
Ireland,large,11,0.333774462
Ireland,large,12,0.326100074
Ireland,large,13,0.311787902
Ireland,large,14,0.303346603
Ireland,large,15,0.311692655
Ireland,large,16,0.348199943
Ireland,large,17,0.391744206
Ireland,large,18,0.406305855
Ireland,large,19,0.391110405
Ireland,large,20,0.361863308
Ireland,large,21,0.337707042
Ireland,large,22,0.29667853
Ireland,large,23,0.293152227
Ireland,medium,0,0.266620541
Ireland,medium,1,0.256085354
Ireland,medium,2,0.245084679
Ireland,medium,3,0.239940315
Ireland,medium,4,0.241699003
Ireland,medium,5,0.252827209
Ireland,medium,6,0.286443833
Ireland,medium,7,0.3295128
Ireland,medium,8,0.354451212
Ireland,medium,9,0.356308254
Ireland,medium,10,0.340706083
Ireland,medium,11,0.32298999
Ireland,medium,12,0.315563566
Ireland,medium,13,0.30171383
Ireland,medium,14,0.293545275
Ireland,medium,15,0.301621661
Ireland,medium,16,0.336949374
Ireland,medium,17,0.379086694
Ireland,medium,18,0.393177846
Ireland,medium,19,0.378473371
Ireland,medium,20,0.350171267
Ireland,medium,21,0.326795505
Ireland,medium,22,0.287092652
Ireland,medium,23,0.283680286
Ireland,small,0,0.227540152
Ireland,small,1,0.218549179
Ireland,small,2,0.209160949
Ireland,small,3,0.204770629
Ireland,small,4,0.206271534
Ireland,small,5,0.215768603
Ireland,small,6,0.244457809
Ireland,small,7,0.281213864
Ireland,small,8,0.302496883
Ireland,small,9,0.304081727
Ireland,small,10,0.290766472
Ireland,small,11,0.275647147
Ireland,small,12,0.269309265
Ireland,small,13,0.257489579
Ireland,small,14,0.250518345
Ireland,small,15,0.257410919
Ireland,small,16,0.28756041
Ireland,small,17,0.323521375
Ireland,small,18,0.335547091
Ireland,small,19,0.322997951
Ireland,small,20,0.298844279
Ireland,small,21,0.278894862
Ireland,small,22,0.245011526
Ireland,small,23,0.242099334
Italy,large,0,0.309977756
Italy,large,1,0.294959067
Italy,large,2,0.28413769
Italy,large,3,0.277973137
Italy,large,4,0.278468756
Italy,large,5,0.292431329
Italy,large,6,0.326662633
Italy,large,7,0.361756474
Italy,large,8,0.38136471
Italy,large,9,0.355873087
Italy,large,10,0.321075926
Italy,large,11,0.302109427
Italy,large,12,0.280858626
Italy,large,13,0.270972493
Italy,large,14,0.281797113
Italy,large,15,0.30003845
Italy,large,16,0.326682943
Italy,large,17,0.355302928
Italy,large,18,0.38863016
Italy,large,19,0.429669235
Italy,large,20,0.410881012
Italy,large,21,0.373491656
Italy,large,22,0.338412695
Italy,large,23,0.315800284
Italy,medium,0,0.323689969
Italy,medium,1,0.308006912
Italy,medium,2,0.29670684
Italy,medium,3,0.290269591
Italy,medium,4,0.290787133
Italy,medium,5,0.305367356
Italy,medium,6,0.341112921
Italy,medium,7,0.377759178
Italy,medium,8,0.398234806
Italy,medium,9,0.371615532
Italy,medium,10,0.335279079
Italy,medium,11,0.315473576
Italy,medium,12,0.293282722
Italy,medium,13,0.282959265
Italy,medium,14,0.294262725
Italy,medium,15,0.313310987
Italy,medium,16,0.341134129
Italy,medium,17,0.371020152
Italy,medium,18,0.40582165
Italy,medium,19,0.448676135
Italy,medium,20,0.429056794
Italy,medium,21,0.390013479
Italy,medium,22,0.35338276
Italy,medium,23,0.329770064
Italy,small,0,0.35202249
Italy,small,1,0.334966698
Italy,small,2,0.322677532
Italy,small,3,0.315676832
Italy,small,4,0.316239675
Italy,small,5,0.332096102
Italy,small,6,0.37097047
Italy,small,7,0.410824366
Italy,small,8,0.433092222
Italy,small,9,0.404142968
Italy,small,10,0.364625993
Italy,small,11,0.343086917
Italy,small,12,0.318953703
Italy,small,13,0.307726635
Italy,small,14,0.320019485
Italy,small,15,0.340735038
Italy,small,16,0.370993534
Italy,small,17,0.403495474
Italy,small,18,0.441343141
Italy,small,19,0.487948671
Italy,small,20,0.466612053
Italy,small,21,0.424151283
Italy,small,22,0.384314285
Italy,small,23,0.358634774
Latvia,large,0,0.19084093
Latvia,large,1,0.197413971
Latvia,large,2,0.177641264
Latvia,large,3,0.165509364
Latvia,large,4,0.163877245
Latvia,large,5,0.182503058
Latvia,large,6,0.222766001
Latvia,large,7,0.284440288
Latvia,large,8,0.334692321
Latvia,large,9,0.339661287
Latvia,large,10,0.300666203
Latvia,large,11,0.275396483
Latvia,large,12,0.251266912
Latvia,large,13,0.24363376
Latvia,large,14,0.22894204
Latvia,large,15,0.233173391
Latvia,large,16,0.257427793
Latvia,large,17,0.283419589
Latvia,large,18,0.32448275
Latvia,large,19,0.348463767
Latvia,large,20,0.363660115
Latvia,large,21,0.331855706
Latvia,large,22,0.29107275
Latvia,large,23,0.240981018
Latvia,medium,0,0.202442836
Latvia,medium,1,0.209415475
Latvia,medium,2,0.188440715
Latvia,medium,3,0.175571273
Latvia,medium,4,0.173839932
Latvia,medium,5,0.193598075
Latvia,medium,6,0.236308747
Latvia,medium,7,0.301732435
Latvia,medium,8,0.35503947
Latvia,medium,9,0.360310517
Latvia,medium,10,0.318944782
Latvia,medium,11,0.292138825
Latvia,medium,12,0.266542331
Latvia,medium,13,0.258445132
Latvia,medium,14,0.242860249
Latvia,medium,15,0.247348839
Latvia,medium,16,0.273077753
Latvia,medium,17,0.300649684
Latvia,medium,18,0.344209222
Latvia,medium,19,0.369648132
Latvia,medium,20,0.38576832
Latvia,medium,21,0.352030407
Latvia,medium,22,0.308768108
Latvia,medium,23,0.25563112
Latvia,small,0,0.2210962
Latvia,small,1,0.228711308
Latvia,small,2,0.205803903
Latvia,small,3,0.191748653
Latvia,small,4,0.189857784
Latvia,small,5,0.21143647
Latvia,small,6,0.258082562
Latvia,small,7,0.32953448
Latvia,small,8,0.387753299
Latvia,small,9,0.393510027
Latvia,small,10,0.348332796
Latvia,small,11,0.319056901
Latvia,small,12,0.291101911
Latvia,small,13,0.282258625
Latvia,small,14,0.265237729
Latvia,small,15,0.270139904
Latvia,small,16,0.298239516
Latvia,small,17,0.328351962
Latvia,small,18,0.375925137
Latvia,small,19,0.403708023
Latvia,small,20,0.421313548
Latvia,small,21,0.384466977
Latvia,small,22,0.33721843
Latvia,small,23,0.279185326
Lithuania,large,0,0.169598945
Lithuania,large,1,0.174462304
Lithuania,large,2,0.157224695
Lithuania,large,3,0.146533223
Lithuania,large,4,0.144710378
Lithuania,large,5,0.161190105
Lithuania,large,6,0.196164303
Lithuania,large,7,0.250693475
Lithuania,large,8,0.29520482
Lithuania,large,9,0.300091535
Lithuania,large,10,0.265237573
Lithuania,large,11,0.242471411
Lithuania,large,12,0.220806941
Lithuania,large,13,0.213879532
Lithuania,large,14,0.201095532
Lithuania,large,15,0.20526961
Lithuania,large,16,0.226477688
Lithuania,large,17,0.248907693
Lithuania,large,18,0.285391069
Lithuania,large,19,0.309044067
Lithuania,large,20,0.32415182
Lithuania,large,21,0.296092056
Lithuania,large,22,0.256516864
Lithuania,large,23,0.213401181
Lithuania,medium,0,0.176420685
Lithuania,medium,1,0.181479662
Lithuania,medium,2,0.163548708
Lithuania,medium,3,0.152427196
Lithuania,medium,4,0.150531031
Lithuania,medium,5,0.167673618
Lithuania,medium,6,0.204054575
Lithuania,medium,7,0.260777062
Lithuania,medium,8,0.307078777
Lithuania,medium,9,0.312162048
Lithuania,medium,10,0.275906164
Lithuania,medium,11,0.252224284
Lithuania,medium,12,0.229688408
Lithuania,medium,13,0.22248236
Lithuania,medium,14,0.209184152
Lithuania,medium,15,0.213526123
Lithuania,medium,16,0.235587248
Lithuania,medium,17,0.258919451
Lithuania,medium,18,0.296870289
Lithuania,medium,19,0.321474677
Lithuania,medium,20,0.337190105
Lithuania,medium,21,0.308001699
Lithuania,medium,22,0.266834683
Lithuania,medium,23,0.221984768
Lithuania,small,0,0.184956606
Lithuania,small,1,0.190260355
Lithuania,small,2,0.171461832
Lithuania,small,3,0.159802218
Lithuania,small,4,0.157814309
Lithuania,small,5,0.175786322
Lithuania,small,6,0.213927531
Lithuania,small,7,0.273394473
Lithuania,small,8,0.321936445
Lithuania,small,9,0.327265665
Lithuania,small,10,0.28925558
Lithuania,small,11,0.264427878
Lithuania,small,12,0.240801628
Lithuania,small,13,0.233246924
Lithuania,small,14,0.219305297
Lithuania,small,15,0.223857349
Lithuania,small,16,0.246985878
Lithuania,small,17,0.271446983
Lithuania,small,18,0.311234031
Lithuania,small,19,0.337028875
Lithuania,small,20,0.353504677
Lithuania,small,21,0.322904022
Lithuania,small,22,0.279745185
Lithuania,small,23,0.232725256
Luxembourg,large,0,0.147316048
Luxembourg,large,1,0.137427556
Luxembourg,large,2,0.131816421
Luxembourg,large,3,0.127699314
Luxembourg,large,4,0.129225576
Luxembourg,large,5,0.140992421
Luxembourg,large,6,0.170509469
Luxembourg,large,7,0.19518842
Luxembourg,large,8,0.19505163
Luxembourg,large,9,0.176479574
Luxembourg,large,10,0.156061125
Luxembourg,large,11,0.141894813
Luxembourg,large,12,0.128261578
Luxembourg,large,13,0.117694675
Luxembourg,large,14,0.116963802
Luxembourg,large,15,0.128823287
Luxembourg,large,16,0.149354605
Luxembourg,large,17,0.180142484
Luxembourg,large,18,0.207153985
Luxembourg,large,19,0.224827204
Luxembourg,large,20,0.215289462
Luxembourg,large,21,0.193525367
Luxembourg,large,22,0.178267641
Luxembourg,large,23,0.15758711
Luxembourg,medium,0,0.175392856
Luxembourg,medium,1,0.163619727
Luxembourg,medium,2,0.156939172
Luxembourg,medium,3,0.15203739
Luxembourg,medium,4,0.153854541
Luxembourg,medium,5,0.167864016
Luxembourg,medium,6,0.203006687
Luxembourg,medium,7,0.232389173
Luxembourg,medium,8,0.232226311
Luxembourg,medium,9,0.210114628
Luxembourg,medium,10,0.185804648
Luxembourg,medium,11,0.168938394
Luxembourg,medium,12,0.152706815
Luxembourg,medium,13,0.140125977
Luxembourg,medium,14,0.139255808
Luxembourg,medium,15,0.153375579
Luxembourg,medium,16,0.177819939
Luxembourg,medium,17,0.214475647
Luxembourg,medium,18,0.246635241
Luxembourg,medium,19,0.26767678
Luxembourg,medium,20,0.256321251
Luxembourg,medium,21,0.23040916
Luxembourg,medium,22,0.21224348
Luxembourg,medium,23,0.187621469
Luxembourg,small,0,0.214892216
Luxembourg,small,1,0.200467719
Luxembourg,small,2,0.19228267
Luxembourg,small,3,0.186276981
Luxembourg,small,4,0.188503364
Luxembourg,small,5,0.205667843
Luxembourg,small,6,0.248724822
Luxembourg,small,7,0.284724393
Luxembourg,small,8,0.284524854
Luxembourg,small,9,0.257433508
Luxembourg,small,10,0.227648797
Luxembourg,small,11,0.206984177
Luxembourg,small,12,0.187097164
Luxembourg,small,13,0.171683058
Luxembourg,small,14,0.170616922
Luxembourg,small,15,0.187916538
Luxembourg,small,16,0.217865891
Luxembourg,small,17,0.26277665
Luxembourg,small,18,0.302178748
Luxembourg,small,19,0.327958948
Luxembourg,small,20,0.314046096
Luxembourg,small,21,0.282298472
Luxembourg,small,22,0.260041788
Luxembourg,small,23,0.229874775
Malta,large,0,0.1387
Malta,large,1,0.1387
Malta,large,2,0.1387
Malta,large,3,0.1387
Malta,large,4,0.1387
Malta,large,5,0.1387
Malta,large,6,0.1387
Malta,large,7,0.1387
Malta,large,8,0.1387
Malta,large,9,0.1387
Malta,large,10,0.1387
Malta,large,11,0.1387
Malta,large,12,0.1387
Malta,large,13,0.1387
Malta,large,14,0.1387
Malta,large,15,0.1387
Malta,large,16,0.1387
Malta,large,17,0.1387
Malta,large,18,0.1387
Malta,large,19,0.1387
Malta,large,20,0.1387
Malta,large,21,0.1387
Malta,large,22,0.1387
Malta,large,23,0.1387
Malta,medium,0,0.127
Malta,medium,1,0.127
Malta,medium,2,0.127
Malta,medium,3,0.127
Malta,medium,4,0.127
Malta,medium,5,0.127
Malta,medium,6,0.127
Malta,medium,7,0.127
Malta,medium,8,0.127
Malta,medium,9,0.127
Malta,medium,10,0.127
Malta,medium,11,0.127
Malta,medium,12,0.127
Malta,medium,13,0.127
Malta,medium,14,0.127
Malta,medium,15,0.127
Malta,medium,16,0.127
Malta,medium,17,0.127
Malta,medium,18,0.127
Malta,medium,19,0.127
Malta,medium,20,0.127
Malta,medium,21,0.127
Malta,medium,22,0.127
Malta,medium,23,0.127
Malta,small,0,0.14625
Malta,small,1,0.14625
Malta,small,2,0.14625
Malta,small,3,0.14625
Malta,small,4,0.14625
Malta,small,5,0.14625
Malta,small,6,0.14625
Malta,small,7,0.14625
Malta,small,8,0.14625
Malta,small,9,0.14625
Malta,small,10,0.14625
Malta,small,11,0.14625
Malta,small,12,0.14625
Malta,small,13,0.14625
Malta,small,14,0.14625
Malta,small,15,0.14625
Malta,small,16,0.14625
Malta,small,17,0.14625
Malta,small,18,0.14625
Malta,small,19,0.14625
Malta,small,20,0.14625
Malta,small,21,0.14625
Malta,small,22,0.14625
Malta,small,23,0.14625
Netherlands,large,0,0.362068375
Netherlands,large,1,0.332546552
Netherlands,large,2,0.316162316
Netherlands,large,3,0.302128887
Netherlands,large,4,0.299979574
Netherlands,large,5,0.321776395
Netherlands,large,6,0.382516178
Netherlands,large,7,0.44663998
Netherlands,large,8,0.46804625
Netherlands,large,9,0.426798377
Netherlands,large,10,0.366719269
Netherlands,large,11,0.322447901
Netherlands,large,12,0.279839858
Netherlands,large,13,0.250947612
Netherlands,large,14,0.254156515
Netherlands,large,15,0.286458086
Netherlands,large,16,0.340092793
Netherlands,large,17,0.427034294
Netherlands,large,18,0.493733239
Netherlands,large,19,0.53286515
Netherlands,large,20,0.511310037
Netherlands,large,21,0.46361787
Netherlands,large,22,0.429394646
Netherlands,large,23,0.383604722
Netherlands,medium,0,0.291409623
Netherlands,medium,1,0.267649075
Netherlands,medium,2,0.254462272
Netherlands,medium,3,0.24316751
Netherlands,medium,4,0.241437642
Netherlands,medium,5,0.258980747
Netherlands,medium,6,0.307866975
Netherlands,medium,7,0.35947682
Netherlands,medium,8,0.376705592
Netherlands,medium,9,0.343507367
Netherlands,medium,10,0.295152881
Netherlands,medium,11,0.259521206
Netherlands,medium,12,0.225228253
Netherlands,medium,13,0.201974417
Netherlands,medium,14,0.204557093
Netherlands,medium,15,0.230554914
Netherlands,medium,16,0.273722644
Netherlands,medium,17,0.343697244
Netherlands,medium,18,0.397379686
Netherlands,medium,19,0.428874884
Netherlands,medium,20,0.411526318
Netherlands,medium,21,0.373141423
Netherlands,medium,22,0.345596966
Netherlands,medium,23,0.308743086
Netherlands,small,0,0.143672795
Netherlands,small,1,0.131958205
Netherlands,small,2,0.125456756
Netherlands,small,3,0.119888134
Netherlands,small,4,0.119035262
Netherlands,small,5,0.127684485
Netherlands,small,6,0.151786713
Netherlands,small,7,0.177231757
Netherlands,small,8,0.185726006
Netherlands,small,9,0.169358386
Netherlands,small,10,0.145518322
Netherlands,small,11,0.127950947
Netherlands,small,12,0.111043597
Netherlands,small,13,0.099578829
Netherlands,small,14,0.100852158
Netherlands,small,15,0.113669784
Netherlands,small,16,0.134952638
Netherlands,small,17,0.169452001
Netherlands,small,18,0.195918891
Netherlands,small,19,0.211446872
Netherlands,small,20,0.202893562
Netherlands,small,21,0.183968775
Netherlands,small,22,0.170388615
Netherlands,small,23,0.152218659
Poland,large,0,0.189470289
Poland,large,1,0.182081886
Poland,large,2,0.179909314
Poland,large,3,0.179963331
Poland,large,4,0.18011797
Poland,large,5,0.186273381
Poland,large,6,0.215714002
Poland,large,7,0.231812367
Poland,large,8,0.232702522
Poland,large,9,0.217473384
Poland,large,10,0.199035648
Poland,large,11,0.193157053
Poland,large,12,0.189804932
Poland,large,13,0.190669044
Poland,large,14,0.195314124
Poland,large,15,0.209128388
Poland,large,16,0.226564595
Poland,large,17,0.247458035
Poland,large,18,0.261712574
Poland,large,19,0.271647074
Poland,large,20,0.264992621
Poland,large,21,0.238913359
Poland,large,22,0.222004324
Poland,large,23,0.198570738
Poland,medium,0,0.168508531
Poland,medium,1,0.161937532
Poland,medium,2,0.16000532
Poland,medium,3,0.160053361
Poland,medium,4,0.160190892
Poland,medium,5,0.165665308
Poland,medium,6,0.19184881
Poland,medium,7,0.206166157
Poland,medium,8,0.206957831
Poland,medium,9,0.193413546
Poland,medium,10,0.17701564
Poland,medium,11,0.171787415
Poland,medium,12,0.168806151
Poland,medium,13,0.169574664
Poland,medium,14,0.173705842
Poland,medium,15,0.185991785
Poland,medium,16,0.201498965
Poland,medium,17,0.22008089
Poland,medium,18,0.2327584
Poland,medium,19,0.241593812
Poland,medium,20,0.235675564
Poland,medium,21,0.212481542
Poland,medium,22,0.197443212
Poland,medium,23,0.176602165
Poland,small,0,0.175495783
Poland,small,1,0.168652317
Poland,small,2,0.166639985
Poland,small,3,0.166690017
Poland,small,4,0.166833251
Poland,small,5,0.172534666
Poland,small,6,0.199803874
Poland,small,7,0.214714894
Poland,small,8,0.215539395
Poland,small,9,0.201433492
Poland,small,10,0.184355643
Poland,small,11,0.178910628
Poland,small,12,0.175805745
Poland,small,13,0.176606124
Poland,small,14,0.180908603
Poland,small,15,0.193703986
Poland,small,16,0.209854175
Poland,small,17,0.229206605
Poland,small,18,0.242409792
Poland,small,19,0.251611566
Poland,small,20,0.245447916
Poland,small,21,0.221292147
Poland,small,22,0.20563025
Poland,small,23,0.183925023
Portugal,large,0,0.210585096
Portugal,large,1,0.200176152
Portugal,large,2,0.194879989
Portugal,large,3,0.191159337
Portugal,large,4,0.198307963
Portugal,large,5,0.218930555
Portugal,large,6,0.243321702
Portugal,large,7,0.249529325
Portugal,large,8,0.224125519
Portugal,large,9,0.192892965
Portugal,large,10,0.178968402
Portugal,large,11,0.17201757
Portugal,large,12,0.165839623
Portugal,large,13,0.158042933
Portugal,large,14,0.155358695
Portugal,large,15,0.164546261
Portugal,large,16,0.189497364
Portugal,large,17,0.219749171
Portugal,large,18,0.258107782
Portugal,large,19,0.286782565
Portugal,large,20,0.283921061
Portugal,large,21,0.263441583
Portugal,large,22,0.240477833
Portugal,large,23,0.22772635
Portugal,medium,0,0.215921367
Portugal,medium,1,0.205248659
Portugal,medium,2,0.19981829
Portugal,medium,3,0.196003356
Portugal,medium,4,0.20333313
Portugal,medium,5,0.224478303
Portugal,medium,6,0.249487527
Portugal,medium,7,0.255852452
Portugal,medium,8,0.229804908
Portugal,medium,9,0.197780915
Portugal,medium,10,0.1835035
Portugal,medium,11,0.176376532
Portugal,medium,12,0.170042035
Portugal,medium,13,0.162047775
Portugal,medium,14,0.159295517
Portugal,medium,15,0.168715899
Portugal,medium,16,0.194299268
Portugal,medium,17,0.225317663
Portugal,medium,18,0.264648289
Portugal,medium,19,0.294049697
Portugal,medium,20,0.291115682
Portugal,medium,21,0.27011725
Portugal,medium,22,0.246571593
Portugal,medium,23,0.233496984
Portugal,small,0,0.232770151
Portugal,small,1,0.22126463
Portugal,small,2,0.215410518
Portugal,small,3,0.211297897
Portugal,small,4,0.219199628
Portugal,small,5,0.241994802
Portugal,small,6,0.268955546
Portugal,small,7,0.27581714
Portugal,small,8,0.247737053
Portugal,small,9,0.213214162
Portugal,small,10,0.197822652
Portugal,small,11,0.190139552
Portugal,small,12,0.183310761
Portugal,small,13,0.174692693
Portugal,small,14,0.171725671
Portugal,small,15,0.181881144
Portugal,small,16,0.209460836
Portugal,small,17,0.242899659
Portugal,small,18,0.285299334
Portugal,small,19,0.316994993
Portugal,small,20,0.313832031
Portugal,small,21,0.291195049
Portugal,small,22,0.265812077
Portugal,small,23,0.25171723
Romania,large,0,0.197905376
Romania,large,1,0.188249336
Romania,large,2,0.169541908
Romania,large,3,0.159525416
Romania,large,4,0.151593908
Romania,large,5,0.158141482
Romania,large,6,0.18054763
Romania,large,7,0.218607576
Romania,large,8,0.247115642
Romania,large,9,0.244046995
Romania,large,10,0.212681751
Romania,large,11,0.186772941
Romania,large,12,0.172389975
Romania,large,13,0.166397672
Romania,large,14,0.160184566
Romania,large,15,0.171037705
Romania,large,16,0.199855211
Romania,large,17,0.236698654
Romania,large,18,0.268798074
Romania,large,19,0.300495312
Romania,large,20,0.326883974
Romania,large,21,0.305462501
Romania,large,22,0.260554707
Romania,large,23,0.227360997
Romania,medium,0,0.170272967
Romania,medium,1,0.161965145
Romania,medium,2,0.145869729
Romania,medium,3,0.137251783
Romania,medium,4,0.130427707
Romania,medium,5,0.136061081
Romania,medium,6,0.155338785
Romania,medium,7,0.188084636
Romania,medium,8,0.212612281
Romania,medium,9,0.209972092
Romania,medium,10,0.1829862
Romania,medium,11,0.160694891
Romania,medium,12,0.148320137
Romania,medium,13,0.143164506
Romania,medium,14,0.1378189
Romania,medium,15,0.147156677
Romania,medium,16,0.171950557
Romania,medium,17,0.203649759
Romania,medium,18,0.231267318
Romania,medium,19,0.258538849
Romania,medium,20,0.281243012
Romania,medium,21,0.262812498
Romania,medium,22,0.224174926
Romania,medium,23,0.195615866
Romania,small,0,0.148507406
Romania,small,1,0.141261552
Romania,small,2,0.127223572
Romania,small,3,0.119707237
Romania,small,4,0.113755465
Romania,small,5,0.118668738
Romania,small,6,0.135482223
Romania,small,7,0.164042255
Romania,small,8,0.185434593
Romania,small,9,0.183131893
Romania,small,10,0.159595539
Romania,small,11,0.140153671
Romania,small,12,0.129360751
Romania,small,13,0.124864151
Romania,small,14,0.12020186
Romania,small,15,0.128346013
Romania,small,16,0.149970554
Romania,small,17,0.177617728
Romania,small,18,0.201705004
Romania,small,19,0.225490485
Romania,small,20,0.245292432
Romania,small,21,0.229217844
Romania,small,22,0.195519215
Romania,small,23,0.170610787
Slovakia,large,0,0.144940272
Slovakia,large,1,0.133990372
Slovakia,large,2,0.127719915
Slovakia,large,3,0.123120727
Slovakia,large,4,0.126397113
Slovakia,large,5,0.139766123
Slovakia,large,6,0.16839746
Slovakia,large,7,0.190400514
Slovakia,large,8,0.189268716
Slovakia,large,9,0.17104298
Slovakia,large,10,0.151663508
Slovakia,large,11,0.141361541
Slovakia,large,12,0.134255576
Slovakia,large,13,0.128756591
Slovakia,large,14,0.132605271
Slovakia,large,15,0.146881447
Slovakia,large,16,0.165307971
Slovakia,large,17,0.188931811
Slovakia,large,18,0.212522067
Slovakia,large,19,0.228560144
Slovakia,large,20,0.218440754
Slovakia,large,21,0.192102403
Slovakia,large,22,0.175283918
Slovakia,large,23,0.153486225
Slovakia,medium,0,0.162909128
Slovakia,medium,1,0.150601722
Slovakia,medium,2,0.14355389
Slovakia,medium,3,0.138384522
Slovakia,medium,4,0.142067095
Slovakia,medium,5,0.157093517
Slovakia,medium,6,0.189274402
Slovakia,medium,7,0.214005267
Slovakia,medium,8,0.212733156
Slovakia,medium,9,0.192247898
Slovakia,medium,10,0.170465871
Slovakia,medium,11,0.158886726
Slovakia,medium,12,0.150899805
Slovakia,medium,13,0.144719088
Slovakia,medium,14,0.149044904
Slovakia,medium,15,0.165090958
Slovakia,medium,16,0.185801896
Slovakia,medium,17,0.212354483
Slovakia,medium,18,0.238869322
Slovakia,medium,19,0.256895707
Slovakia,medium,20,0.245521773
Slovakia,medium,21,0.215918147
Slovakia,medium,22,0.197014603
Slovakia,medium,23,0.172514559
Slovakia,small,0,0.182747084
Slovakia,small,1,0.168940967
Slovakia,small,2,0.161034898
Slovakia,small,3,0.15523604
Slovakia,small,4,0.159367051
Slovakia,small,5,0.176223288
Slovakia,small,6,0.212322941
Slovakia,small,7,0.240065361
Slovakia,small,8,0.238638341
Slovakia,small,9,0.215658529
Slovakia,small,10,0.191224036
Slovakia,small,11,0.178234862
Slovakia,small,12,0.169275348
Slovakia,small,13,0.162341986
Slovakia,small,14,0.167194571
Slovakia,small,15,0.185194603
Slovakia,small,16,0.208427577
Slovakia,small,17,0.238213556
Slovakia,small,18,0.26795719
Slovakia,small,19,0.288178705
Slovakia,small,20,0.275419731
Slovakia,small,21,0.242211178
Slovakia,small,22,0.22100569
Slovakia,small,23,0.193522199
Slovenia,large,0,0.155774459
Slovenia,large,1,0.143882202
Slovenia,large,2,0.138231295
Slovenia,large,3,0.132259924
Slovenia,large,4,0.135011329
Slovenia,large,5,0.148883247
Slovenia,large,6,0.17867814
Slovenia,large,7,0.20211316
Slovenia,large,8,0.20157801
Slovenia,large,9,0.182563527
Slovenia,large,10,0.163477104
Slovenia,large,11,0.152232986
Slovenia,large,12,0.144681796
Slovenia,large,13,0.138035933
Slovenia,large,14,0.139981257
Slovenia,large,15,0.15703318
Slovenia,large,16,0.175903421
Slovenia,large,17,0.199905341
Slovenia,large,18,0.224634416
Slovenia,large,19,0.243101821
Slovenia,large,20,0.23063391
Slovenia,large,21,0.204099761
Slovenia,large,22,0.187203648
Slovenia,large,23,0.166344446
Slovenia,medium,0,0.172606838
Slovenia,medium,1,0.159429551
Slovenia,medium,2,0.153168028
Slovenia,medium,3,0.146551415
Slovenia,medium,4,0.149600125
Slovenia,medium,5,0.164970988
Slovenia,medium,6,0.197985401
Slovenia,medium,7,0.223952717
Slovenia,medium,8,0.223359742
Slovenia,medium,9,0.202290628
Slovenia,medium,10,0.1811418
Slovenia,medium,11,0.168682687
Slovenia,medium,12,0.160315545
Slovenia,medium,13,0.152951556
Slovenia,medium,14,0.155107084
Slovenia,medium,15,0.174001571
Slovenia,medium,16,0.194910856
Slovenia,medium,17,0.22150633
Slovenia,medium,18,0.248907533
Slovenia,medium,19,0.269370453
Slovenia,medium,20,0.255555308
Slovenia,medium,21,0.226153983
Slovenia,medium,22,0.207432142
Slovenia,medium,23,0.184318977
Slovenia,small,0,0.200660803
Slovenia,small,1,0.185341798
Slovenia,small,2,0.178062584
Slovenia,small,3,0.170370565
Slovenia,small,4,0.173914786
Slovenia,small,5,0.191783891
Slovenia,small,6,0.23016417
Slovenia,small,7,0.26035198
Slovenia,small,8,0.259662628
Slovenia,small,9,0.235169129
Slovenia,small,10,0.210582961
Slovenia,small,11,0.196098856
Slovenia,small,12,0.186371794
Slovenia,small,13,0.177810928
Slovenia,small,14,0.180316797
Slovenia,small,15,0.202282223
Slovenia,small,16,0.226589916
Slovenia,small,17,0.25750798
Slovenia,small,18,0.289362727
Slovenia,small,19,0.313151507
Slovenia,small,20,0.297090972
Slovenia,small,21,0.26291102
Slovenia,small,22,0.241146299
Slovenia,small,23,0.214276528
Spain,large,0,0.238129557
Spain,large,1,0.220643891
Spain,large,2,0.2097535
Spain,large,3,0.204263162
Spain,large,4,0.200317116
Spain,large,5,0.207761579
Spain,large,6,0.229543671
Spain,large,7,0.255849522
Spain,large,8,0.26248887
Spain,large,9,0.233372119
Spain,large,10,0.198764893
Spain,large,11,0.179090113
Spain,large,12,0.170871781
Spain,large,13,0.164251331
Spain,large,14,0.156495872
Spain,large,15,0.151886173
Spain,large,16,0.162787047
Spain,large,17,0.192061952
Spain,large,18,0.226381426
Spain,large,19,0.27105303
Spain,large,20,0.300847228
Spain,large,21,0.297790442
Spain,large,22,0.27604794
Spain,large,23,0.252016038
Spain,medium,0,0.25490747
Spain,medium,1,0.236189815
Spain,medium,2,0.224532119
Spain,medium,3,0.218654948
Spain,medium,4,0.214430875
Spain,medium,5,0.222399853
Spain,medium,6,0.245716647
Spain,medium,7,0.273875932
Spain,medium,8,0.280983069
Spain,medium,9,0.249814837
Spain,medium,10,0.212769287
Spain,medium,11,0.191708279
Spain,medium,12,0.182910907
Spain,medium,13,0.175824
Spain,medium,14,0.167522114
Spain,medium,15,0.162587629
Spain,medium,16,0.174256547
Spain,medium,17,0.205594076
Spain,medium,18,0.2423316
Spain,medium,19,0.290150635
Spain,medium,20,0.322044045
Spain,medium,21,0.318771886
Spain,medium,22,0.295497471
Spain,medium,23,0.269772352
Spain,small,0,0.30046269
Spain,small,1,0.278399951
Spain,small,2,0.264658876
Spain,small,3,0.257731379
Spain,small,4,0.25275241
Spain,small,5,0.262145546
Spain,small,6,0.289629349
Spain,small,7,0.322821058
Spain,small,8,0.331198332
Spain,small,9,0.294459938
Spain,small,10,0.250793875
Spain,small,11,0.225968997
Spain,small,12,0.215599422
Spain,small,13,0.207245993
Spain,small,14,0.197460454
Spain,small,15,0.191644114
Spain,small,16,0.205398417
Spain,small,17,0.242336363
Spain,small,18,0.285639351
Spain,small,19,0.342004258
Spain,small,20,0.379597427
Spain,small,21,0.375740493
Spain,small,22,0.348306642
Spain,small,23,0.317984116
Sweden,large,0,0.131237619
Sweden,large,1,0.122682505
Sweden,large,2,0.118478841
Sweden,large,3,0.117253455
Sweden,large,4,0.12322651
Sweden,large,5,0.139640136
Sweden,large,6,0.176923022
Sweden,large,7,0.229734398
Sweden,large,8,0.253479617
Sweden,large,9,0.23733279
Sweden,large,10,0.219521936
Sweden,large,11,0.203169289
Sweden,large,12,0.190092848
Sweden,large,13,0.178905694
Sweden,large,14,0.177532033
Sweden,large,15,0.188586622
Sweden,large,16,0.20647024
Sweden,large,17,0.235466185
Sweden,large,18,0.247918003
Sweden,large,19,0.241268969
Sweden,large,20,0.21591756
Sweden,large,21,0.190700287
Sweden,large,22,0.162570919
Sweden,large,23,0.137226777
Sweden,medium,0,0.156973027
Sweden,medium,1,0.146740275
Sweden,medium,2,0.141712281
Sweden,medium,3,0.1402466
Sweden,medium,4,0.147390958
Sweden,medium,5,0.16702326
Sweden,medium,6,0.211617238
Sweden,medium,7,0.274784808
Sweden,medium,8,0.303186413
Sweden,medium,9,0.283873228
Sweden,medium,10,0.262569705
Sweden,medium,11,0.24301034
Sweden,medium,12,0.227369638
Sweden,medium,13,0.213988707
Sweden,medium,14,0.212345674
Sweden,medium,15,0.225568045
Sweden,medium,16,0.2469586
Sweden,medium,17,0.281640587
Sweden,medium,18,0.296534179
Sweden,medium,19,0.288581283
Sweden,medium,20,0.258258519
Sweden,medium,21,0.228096194
Sweden,medium,22,0.194450719
Sweden,medium,23,0.164136647
Sweden,small,0,0.174929471
Sweden,small,1,0.163526174
Sweden,small,2,0.157923019
Sweden,small,3,0.156289676
Sweden,small,4,0.16425129
Sweden,small,5,0.186129369
Sweden,small,6,0.235824537
Sweden,small,7,0.306217966
Sweden,small,8,0.337868485
Sweden,small,9,0.316346027
Sweden,small,10,0.292605553
Sweden,small,11,0.270808756
Sweden,small,12,0.253378884
Sweden,small,13,0.238467283
Sweden,small,14,0.236636301
Sweden,small,15,0.251371203
Sweden,small,16,0.275208665
Sweden,small,17,0.31385799
Sweden,small,18,0.330455289
Sweden,small,19,0.321592646
Sweden,small,20,0.287801203
Sweden,small,21,0.254188553
Sweden,small,22,0.216694308
Sweden,small,23,0.182912551
