Share of battery owners participating in peak pricing,,
%,,
Assumption,,
country,timeline,Value
Austria,2010,100
Austria,2011,100
Austria,2012,100
Austria,2013,100
Austria,2014,100
Austria,2015,100
Austria,2016,100
Austria,2017,100
Austria,2018,100
Austria,2019,100
Austria,2020,100
Austria,2021,100
Austria,2022,100
Austria,2023,100
Austria,2024,100
Austria,2025,100
Austria,2026,100
Austria,2027,100
Austria,2028,100
Austria,2029,100
Austria,2030,100
Austria,2031,100
Austria,2032,100
Austria,2033,100
Austria,2034,100
Austria,2035,100
Austria,2036,100
Austria,2037,100
Austria,2038,100
Austria,2039,100
Austria,2040,100
Austria,2041,100
Austria,2042,100
Austria,2043,100
Austria,2044,100
Austria,2045,100
Austria,2046,100
Austria,2047,100
Austria,2048,100
Austria,2049,100
Austria,2050,100
Belgium,2010,100
Belgium,2011,100
Belgium,2012,100
Belgium,2013,100
Belgium,2014,100
Belgium,2015,100
Belgium,2016,100
Belgium,2017,100
Belgium,2018,100
Belgium,2019,100
Belgium,2020,100
Belgium,2021,100
Belgium,2022,100
Belgium,2023,100
Belgium,2024,100
Belgium,2025,100
Belgium,2026,100
Belgium,2027,100
Belgium,2028,100
Belgium,2029,100
Belgium,2030,100
Belgium,2031,100
Belgium,2032,100
Belgium,2033,100
Belgium,2034,100
Belgium,2035,100
Belgium,2036,100
Belgium,2037,100
Belgium,2038,100
Belgium,2039,100
Belgium,2040,100
Belgium,2041,100
Belgium,2042,100
Belgium,2043,100
Belgium,2044,100
Belgium,2045,100
Belgium,2046,100
Belgium,2047,100
Belgium,2048,100
Belgium,2049,100
Belgium,2050,100
Bulgaria,2010,100
Bulgaria,2011,100
Bulgaria,2012,100
Bulgaria,2013,100
Bulgaria,2014,100
Bulgaria,2015,100
Bulgaria,2016,100
Bulgaria,2017,100
Bulgaria,2018,100
Bulgaria,2019,100
Bulgaria,2020,100
Bulgaria,2021,100
Bulgaria,2022,100
Bulgaria,2023,100
Bulgaria,2024,100
Bulgaria,2025,100
Bulgaria,2026,100
Bulgaria,2027,100
Bulgaria,2028,100
Bulgaria,2029,100
Bulgaria,2030,100
Bulgaria,2031,100
Bulgaria,2032,100
Bulgaria,2033,100
Bulgaria,2034,100
Bulgaria,2035,100
Bulgaria,2036,100
Bulgaria,2037,100
Bulgaria,2038,100
Bulgaria,2039,100
Bulgaria,2040,100
Bulgaria,2041,100
Bulgaria,2042,100
Bulgaria,2043,100
Bulgaria,2044,100
Bulgaria,2045,100
Bulgaria,2046,100
Bulgaria,2047,100
Bulgaria,2048,100
Bulgaria,2049,100
Bulgaria,2050,100
Cyprus,2010,100
Cyprus,2011,100
Cyprus,2012,100
Cyprus,2013,100
Cyprus,2014,100
Cyprus,2015,100
Cyprus,2016,100
Cyprus,2017,100
Cyprus,2018,100
Cyprus,2019,100
Cyprus,2020,100
Cyprus,2021,100
Cyprus,2022,100
Cyprus,2023,100
Cyprus,2024,100
Cyprus,2025,100
Cyprus,2026,100
Cyprus,2027,100
Cyprus,2028,100
Cyprus,2029,100
Cyprus,2030,100
Cyprus,2031,100
Cyprus,2032,100
Cyprus,2033,100
Cyprus,2034,100
Cyprus,2035,100
Cyprus,2036,100
Cyprus,2037,100
Cyprus,2038,100
Cyprus,2039,100
Cyprus,2040,100
Cyprus,2041,100
Cyprus,2042,100
Cyprus,2043,100
Cyprus,2044,100
Cyprus,2045,100
Cyprus,2046,100
Cyprus,2047,100
Cyprus,2048,100
Cyprus,2049,100
Cyprus,2050,100
Czechia,2010,100
Czechia,2011,100
Czechia,2012,100
Czechia,2013,100
Czechia,2014,100
Czechia,2015,100
Czechia,2016,100
Czechia,2017,100
Czechia,2018,100
Czechia,2019,100
Czechia,2020,100
Czechia,2021,100
Czechia,2022,100
Czechia,2023,100
Czechia,2024,100
Czechia,2025,100
Czechia,2026,100
Czechia,2027,100
Czechia,2028,100
Czechia,2029,100
Czechia,2030,100
Czechia,2031,100
Czechia,2032,100
Czechia,2033,100
Czechia,2034,100
Czechia,2035,100
Czechia,2036,100
Czechia,2037,100
Czechia,2038,100
Czechia,2039,100
Czechia,2040,100
Czechia,2041,100
Czechia,2042,100
Czechia,2043,100
Czechia,2044,100
Czechia,2045,100
Czechia,2046,100
Czechia,2047,100
Czechia,2048,100
Czechia,2049,100
Czechia,2050,100
Germany,2010,100
Germany,2011,100
Germany,2012,100
Germany,2013,100
Germany,2014,100
Germany,2015,100
Germany,2016,100
Germany,2017,100
Germany,2018,100
Germany,2019,100
Germany,2020,100
Germany,2021,100
Germany,2022,100
Germany,2023,100
Germany,2024,100
Germany,2025,100
Germany,2026,100
Germany,2027,100
Germany,2028,100
Germany,2029,100
Germany,2030,100
Germany,2031,100
Germany,2032,100
Germany,2033,100
Germany,2034,100
Germany,2035,100
Germany,2036,100
Germany,2037,100
Germany,2038,100
Germany,2039,100
Germany,2040,100
Germany,2041,100
Germany,2042,100
Germany,2043,100
Germany,2044,100
Germany,2045,100
Germany,2046,100
Germany,2047,100
Germany,2048,100
Germany,2049,100
Germany,2050,100
Denmark,2010,100
Denmark,2011,100
Denmark,2012,100
Denmark,2013,100
Denmark,2014,100
Denmark,2015,100
Denmark,2016,100
Denmark,2017,100
Denmark,2018,100
Denmark,2019,100
Denmark,2020,100
Denmark,2021,100
Denmark,2022,100
Denmark,2023,100
Denmark,2024,100
Denmark,2025,100
Denmark,2026,100
Denmark,2027,100
Denmark,2028,100
Denmark,2029,100
Denmark,2030,100
Denmark,2031,100
Denmark,2032,100
Denmark,2033,100
Denmark,2034,100
Denmark,2035,100
Denmark,2036,100
Denmark,2037,100
Denmark,2038,100
Denmark,2039,100
Denmark,2040,100
Denmark,2041,100
Denmark,2042,100
Denmark,2043,100
Denmark,2044,100
Denmark,2045,100
Denmark,2046,100
Denmark,2047,100
Denmark,2048,100
Denmark,2049,100
Denmark,2050,100
Greece,2010,100
Greece,2011,100
Greece,2012,100
Greece,2013,100
Greece,2014,100
Greece,2015,100
Greece,2016,100
Greece,2017,100
Greece,2018,100
Greece,2019,100
Greece,2020,100
Greece,2021,100
Greece,2022,100
Greece,2023,100
Greece,2024,100
Greece,2025,100
Greece,2026,100
Greece,2027,100
Greece,2028,100
Greece,2029,100
Greece,2030,100
Greece,2031,100
Greece,2032,100
Greece,2033,100
Greece,2034,100
Greece,2035,100
Greece,2036,100
Greece,2037,100
Greece,2038,100
Greece,2039,100
Greece,2040,100
Greece,2041,100
Greece,2042,100
Greece,2043,100
Greece,2044,100
Greece,2045,100
Greece,2046,100
Greece,2047,100
Greece,2048,100
Greece,2049,100
Greece,2050,100
Estonia,2010,100
Estonia,2011,100
Estonia,2012,100
Estonia,2013,100
Estonia,2014,100
Estonia,2015,100
Estonia,2016,100
Estonia,2017,100
Estonia,2018,100
Estonia,2019,100
Estonia,2020,100
Estonia,2021,100
Estonia,2022,100
Estonia,2023,100
Estonia,2024,100
Estonia,2025,100
Estonia,2026,100
Estonia,2027,100
Estonia,2028,100
Estonia,2029,100
Estonia,2030,100
Estonia,2031,100
Estonia,2032,100
Estonia,2033,100
Estonia,2034,100
Estonia,2035,100
Estonia,2036,100
Estonia,2037,100
Estonia,2038,100
Estonia,2039,100
Estonia,2040,100
Estonia,2041,100
Estonia,2042,100
Estonia,2043,100
Estonia,2044,100
Estonia,2045,100
Estonia,2046,100
Estonia,2047,100
Estonia,2048,100
Estonia,2049,100
Estonia,2050,100
Spain,2010,100
Spain,2011,100
Spain,2012,100
Spain,2013,100
Spain,2014,100
Spain,2015,100
Spain,2016,100
Spain,2017,100
Spain,2018,100
Spain,2019,100
Spain,2020,100
Spain,2021,100
Spain,2022,100
Spain,2023,100
Spain,2024,100
Spain,2025,100
Spain,2026,100
Spain,2027,100
Spain,2028,100
Spain,2029,100
Spain,2030,100
Spain,2031,100
Spain,2032,100
Spain,2033,100
Spain,2034,100
Spain,2035,100
Spain,2036,100
Spain,2037,100
Spain,2038,100
Spain,2039,100
Spain,2040,100
Spain,2041,100
Spain,2042,100
Spain,2043,100
Spain,2044,100
Spain,2045,100
Spain,2046,100
Spain,2047,100
Spain,2048,100
Spain,2049,100
Spain,2050,100
Finland,2010,100
Finland,2011,100
Finland,2012,100
Finland,2013,100
Finland,2014,100
Finland,2015,100
Finland,2016,100
Finland,2017,100
Finland,2018,100
Finland,2019,100
Finland,2020,100
Finland,2021,100
Finland,2022,100
Finland,2023,100
Finland,2024,100
Finland,2025,100
Finland,2026,100
Finland,2027,100
Finland,2028,100
Finland,2029,100
Finland,2030,100
Finland,2031,100
Finland,2032,100
Finland,2033,100
Finland,2034,100
Finland,2035,100
Finland,2036,100
Finland,2037,100
Finland,2038,100
Finland,2039,100
Finland,2040,100
Finland,2041,100
Finland,2042,100
Finland,2043,100
Finland,2044,100
Finland,2045,100
Finland,2046,100
Finland,2047,100
Finland,2048,100
Finland,2049,100
Finland,2050,100
France,2010,100
France,2011,100
France,2012,100
France,2013,100
France,2014,100
France,2015,100
France,2016,100
France,2017,100
France,2018,100
France,2019,100
France,2020,100
France,2021,100
France,2022,100
France,2023,100
France,2024,100
France,2025,100
France,2026,100
France,2027,100
France,2028,100
France,2029,100
France,2030,100
France,2031,100
France,2032,100
France,2033,100
France,2034,100
France,2035,100
France,2036,100
France,2037,100
France,2038,100
France,2039,100
France,2040,100
France,2041,100
France,2042,100
France,2043,100
France,2044,100
France,2045,100
France,2046,100
France,2047,100
France,2048,100
France,2049,100
France,2050,100
Croatia,2010,100
Croatia,2011,100
Croatia,2012,100
Croatia,2013,100
Croatia,2014,100
Croatia,2015,100
Croatia,2016,100
Croatia,2017,100
Croatia,2018,100
Croatia,2019,100
Croatia,2020,100
Croatia,2021,100
Croatia,2022,100
Croatia,2023,100
Croatia,2024,100
Croatia,2025,100
Croatia,2026,100
Croatia,2027,100
Croatia,2028,100
Croatia,2029,100
Croatia,2030,100
Croatia,2031,100
Croatia,2032,100
Croatia,2033,100
Croatia,2034,100
Croatia,2035,100
Croatia,2036,100
Croatia,2037,100
Croatia,2038,100
Croatia,2039,100
Croatia,2040,100
Croatia,2041,100
Croatia,2042,100
Croatia,2043,100
Croatia,2044,100
Croatia,2045,100
Croatia,2046,100
Croatia,2047,100
Croatia,2048,100
Croatia,2049,100
Croatia,2050,100
Hungary,2010,100
Hungary,2011,100
Hungary,2012,100
Hungary,2013,100
Hungary,2014,100
Hungary,2015,100
Hungary,2016,100
Hungary,2017,100
Hungary,2018,100
Hungary,2019,100
Hungary,2020,100
Hungary,2021,100
Hungary,2022,100
Hungary,2023,100
Hungary,2024,100
Hungary,2025,100
Hungary,2026,100
Hungary,2027,100
Hungary,2028,100
Hungary,2029,100
Hungary,2030,100
Hungary,2031,100
Hungary,2032,100
Hungary,2033,100
Hungary,2034,100
Hungary,2035,100
Hungary,2036,100
Hungary,2037,100
Hungary,2038,100
Hungary,2039,100
Hungary,2040,100
Hungary,2041,100
Hungary,2042,100
Hungary,2043,100
Hungary,2044,100
Hungary,2045,100
Hungary,2046,100
Hungary,2047,100
Hungary,2048,100
Hungary,2049,100
Hungary,2050,100
Ireland,2010,100
Ireland,2011,100
Ireland,2012,100
Ireland,2013,100
Ireland,2014,100
Ireland,2015,100
Ireland,2016,100
Ireland,2017,100
Ireland,2018,100
Ireland,2019,100
Ireland,2020,100
Ireland,2021,100
Ireland,2022,100
Ireland,2023,100
Ireland,2024,100
Ireland,2025,100
Ireland,2026,100
Ireland,2027,100
Ireland,2028,100
Ireland,2029,100
Ireland,2030,100
Ireland,2031,100
Ireland,2032,100
Ireland,2033,100
Ireland,2034,100
Ireland,2035,100
Ireland,2036,100
Ireland,2037,100
Ireland,2038,100
Ireland,2039,100
Ireland,2040,100
Ireland,2041,100
Ireland,2042,100
Ireland,2043,100
Ireland,2044,100
Ireland,2045,100
Ireland,2046,100
Ireland,2047,100
Ireland,2048,100
Ireland,2049,100
Ireland,2050,100
Italy,2010,100
Italy,2011,100
Italy,2012,100
Italy,2013,100
Italy,2014,100
Italy,2015,100
Italy,2016,100
Italy,2017,100
Italy,2018,100
Italy,2019,100
Italy,2020,100
Italy,2021,100
Italy,2022,100
Italy,2023,100
Italy,2024,100
Italy,2025,100
Italy,2026,100
Italy,2027,100
Italy,2028,100
Italy,2029,100
Italy,2030,100
Italy,2031,100
Italy,2032,100
Italy,2033,100
Italy,2034,100
Italy,2035,100
Italy,2036,100
Italy,2037,100
Italy,2038,100
Italy,2039,100
Italy,2040,100
Italy,2041,100
Italy,2042,100
Italy,2043,100
Italy,2044,100
Italy,2045,100
Italy,2046,100
Italy,2047,100
Italy,2048,100
Italy,2049,100
Italy,2050,100
Lithuania,2010,100
Lithuania,2011,100
Lithuania,2012,100
Lithuania,2013,100
Lithuania,2014,100
Lithuania,2015,100
Lithuania,2016,100
Lithuania,2017,100
Lithuania,2018,100
Lithuania,2019,100
Lithuania,2020,100
Lithuania,2021,100
Lithuania,2022,100
Lithuania,2023,100
Lithuania,2024,100
Lithuania,2025,100
Lithuania,2026,100
Lithuania,2027,100
Lithuania,2028,100
Lithuania,2029,100
Lithuania,2030,100
Lithuania,2031,100
Lithuania,2032,100
Lithuania,2033,100
Lithuania,2034,100
Lithuania,2035,100
Lithuania,2036,100
Lithuania,2037,100
Lithuania,2038,100
Lithuania,2039,100
Lithuania,2040,100
Lithuania,2041,100
Lithuania,2042,100
Lithuania,2043,100
Lithuania,2044,100
Lithuania,2045,100
Lithuania,2046,100
Lithuania,2047,100
Lithuania,2048,100
Lithuania,2049,100
Lithuania,2050,100
Latvia,2010,100
Latvia,2011,100
Latvia,2012,100
Latvia,2013,100
Latvia,2014,100
Latvia,2015,100
Latvia,2016,100
Latvia,2017,100
Latvia,2018,100
Latvia,2019,100
Latvia,2020,100
Latvia,2021,100
Latvia,2022,100
Latvia,2023,100
Latvia,2024,100
Latvia,2025,100
Latvia,2026,100
Latvia,2027,100
Latvia,2028,100
Latvia,2029,100
Latvia,2030,100
Latvia,2031,100
Latvia,2032,100
Latvia,2033,100
Latvia,2034,100
Latvia,2035,100
Latvia,2036,100
Latvia,2037,100
Latvia,2038,100
Latvia,2039,100
Latvia,2040,100
Latvia,2041,100
Latvia,2042,100
Latvia,2043,100
Latvia,2044,100
Latvia,2045,100
Latvia,2046,100
Latvia,2047,100
Latvia,2048,100
Latvia,2049,100
Latvia,2050,100
Luxembourg,2010,100
Luxembourg,2011,100
Luxembourg,2012,100
Luxembourg,2013,100
Luxembourg,2014,100
Luxembourg,2015,100
Luxembourg,2016,100
Luxembourg,2017,100
Luxembourg,2018,100
Luxembourg,2019,100
Luxembourg,2020,100
Luxembourg,2021,100
Luxembourg,2022,100
Luxembourg,2023,100
Luxembourg,2024,100
Luxembourg,2025,100
Luxembourg,2026,100
Luxembourg,2027,100
Luxembourg,2028,100
Luxembourg,2029,100
Luxembourg,2030,100
Luxembourg,2031,100
Luxembourg,2032,100
Luxembourg,2033,100
Luxembourg,2034,100
Luxembourg,2035,100
Luxembourg,2036,100
Luxembourg,2037,100
Luxembourg,2038,100
Luxembourg,2039,100
Luxembourg,2040,100
Luxembourg,2041,100
Luxembourg,2042,100
Luxembourg,2043,100
Luxembourg,2044,100
Luxembourg,2045,100
Luxembourg,2046,100
Luxembourg,2047,100
Luxembourg,2048,100
Luxembourg,2049,100
Luxembourg,2050,100
Malta,2010,100
Malta,2011,100
Malta,2012,100
Malta,2013,100
Malta,2014,100
Malta,2015,100
Malta,2016,100
Malta,2017,100
Malta,2018,100
Malta,2019,100
Malta,2020,100
Malta,2021,100
Malta,2022,100
Malta,2023,100
Malta,2024,100
Malta,2025,100
Malta,2026,100
Malta,2027,100
Malta,2028,100
Malta,2029,100
Malta,2030,100
Malta,2031,100
Malta,2032,100
Malta,2033,100
Malta,2034,100
Malta,2035,100
Malta,2036,100
Malta,2037,100
Malta,2038,100
Malta,2039,100
Malta,2040,100
Malta,2041,100
Malta,2042,100
Malta,2043,100
Malta,2044,100
Malta,2045,100
Malta,2046,100
Malta,2047,100
Malta,2048,100
Malta,2049,100
Malta,2050,100
Netherlands,2010,100
Netherlands,2011,100
Netherlands,2012,100
Netherlands,2013,100
Netherlands,2014,100
Netherlands,2015,100
Netherlands,2016,100
Netherlands,2017,100
Netherlands,2018,100
Netherlands,2019,100
Netherlands,2020,100
Netherlands,2021,100
Netherlands,2022,100
Netherlands,2023,100
Netherlands,2024,100
Netherlands,2025,100
Netherlands,2026,100
Netherlands,2027,100
Netherlands,2028,100
Netherlands,2029,100
Netherlands,2030,100
Netherlands,2031,100
Netherlands,2032,100
Netherlands,2033,100
Netherlands,2034,100
Netherlands,2035,100
Netherlands,2036,100
Netherlands,2037,100
Netherlands,2038,100
Netherlands,2039,100
Netherlands,2040,100
Netherlands,2041,100
Netherlands,2042,100
Netherlands,2043,100
Netherlands,2044,100
Netherlands,2045,100
Netherlands,2046,100
Netherlands,2047,100
Netherlands,2048,100
Netherlands,2049,100
Netherlands,2050,100
Poland,2010,100
Poland,2011,100
Poland,2012,100
Poland,2013,100
Poland,2014,100
Poland,2015,100
Poland,2016,100
Poland,2017,100
Poland,2018,100
Poland,2019,100
Poland,2020,100
Poland,2021,100
Poland,2022,100
Poland,2023,100
Poland,2024,100
Poland,2025,100
Poland,2026,100
Poland,2027,100
Poland,2028,100
Poland,2029,100
Poland,2030,100
Poland,2031,100
Poland,2032,100
Poland,2033,100
Poland,2034,100
Poland,2035,100
Poland,2036,100
Poland,2037,100
Poland,2038,100
Poland,2039,100
Poland,2040,100
Poland,2041,100
Poland,2042,100
Poland,2043,100
Poland,2044,100
Poland,2045,100
Poland,2046,100
Poland,2047,100
Poland,2048,100
Poland,2049,100
Poland,2050,100
Portugal,2010,100
Portugal,2011,100
Portugal,2012,100
Portugal,2013,100
Portugal,2014,100
Portugal,2015,100
Portugal,2016,100
Portugal,2017,100
Portugal,2018,100
Portugal,2019,100
Portugal,2020,100
Portugal,2021,100
Portugal,2022,100
Portugal,2023,100
Portugal,2024,100
Portugal,2025,100
Portugal,2026,100
Portugal,2027,100
Portugal,2028,100
Portugal,2029,100
Portugal,2030,100
Portugal,2031,100
Portugal,2032,100
Portugal,2033,100
Portugal,2034,100
Portugal,2035,100
Portugal,2036,100
Portugal,2037,100
Portugal,2038,100
Portugal,2039,100
Portugal,2040,100
Portugal,2041,100
Portugal,2042,100
Portugal,2043,100
Portugal,2044,100
Portugal,2045,100
Portugal,2046,100
Portugal,2047,100
Portugal,2048,100
Portugal,2049,100
Portugal,2050,100
Romania,2010,100
Romania,2011,100
Romania,2012,100
Romania,2013,100
Romania,2014,100
Romania,2015,100
Romania,2016,100
Romania,2017,100
Romania,2018,100
Romania,2019,100
Romania,2020,100
Romania,2021,100
Romania,2022,100
Romania,2023,100
Romania,2024,100
Romania,2025,100
Romania,2026,100
Romania,2027,100
Romania,2028,100
Romania,2029,100
Romania,2030,100
Romania,2031,100
Romania,2032,100
Romania,2033,100
Romania,2034,100
Romania,2035,100
Romania,2036,100
Romania,2037,100
Romania,2038,100
Romania,2039,100
Romania,2040,100
Romania,2041,100
Romania,2042,100
Romania,2043,100
Romania,2044,100
Romania,2045,100
Romania,2046,100
Romania,2047,100
Romania,2048,100
Romania,2049,100
Romania,2050,100
Slovenia,2010,100
Slovenia,2011,100
Slovenia,2012,100
Slovenia,2013,100
Slovenia,2014,100
Slovenia,2015,100
Slovenia,2016,100
Slovenia,2017,100
Slovenia,2018,100
Slovenia,2019,100
Slovenia,2020,100
Slovenia,2021,100
Slovenia,2022,100
Slovenia,2023,100
Slovenia,2024,100
Slovenia,2025,100
Slovenia,2026,100
Slovenia,2027,100
Slovenia,2028,100
Slovenia,2029,100
Slovenia,2030,100
Slovenia,2031,100
Slovenia,2032,100
Slovenia,2033,100
Slovenia,2034,100
Slovenia,2035,100
Slovenia,2036,100
Slovenia,2037,100
Slovenia,2038,100
Slovenia,2039,100
Slovenia,2040,100
Slovenia,2041,100
Slovenia,2042,100
Slovenia,2043,100
Slovenia,2044,100
Slovenia,2045,100
Slovenia,2046,100
Slovenia,2047,100
Slovenia,2048,100
Slovenia,2049,100
Slovenia,2050,100
Slovakia,2010,100
Slovakia,2011,100
Slovakia,2012,100
Slovakia,2013,100
Slovakia,2014,100
Slovakia,2015,100
Slovakia,2016,100
Slovakia,2017,100
Slovakia,2018,100
Slovakia,2019,100
Slovakia,2020,100
Slovakia,2021,100
Slovakia,2022,100
Slovakia,2023,100
Slovakia,2024,100
Slovakia,2025,100
Slovakia,2026,100
Slovakia,2027,100
Slovakia,2028,100
Slovakia,2029,100
Slovakia,2030,100
Slovakia,2031,100
Slovakia,2032,100
Slovakia,2033,100
Slovakia,2034,100
Slovakia,2035,100
Slovakia,2036,100
Slovakia,2037,100
Slovakia,2038,100
Slovakia,2039,100
Slovakia,2040,100
Slovakia,2041,100
Slovakia,2042,100
Slovakia,2043,100
Slovakia,2044,100
Slovakia,2045,100
Slovakia,2046,100
Slovakia,2047,100
Slovakia,2048,100
Slovakia,2049,100
Slovakia,2050,100
Sweden,2010,100
Sweden,2011,100
Sweden,2012,100
Sweden,2013,100
Sweden,2014,100
Sweden,2015,100
Sweden,2016,100
Sweden,2017,100
Sweden,2018,100
Sweden,2019,100
Sweden,2020,100
Sweden,2021,100
Sweden,2022,100
Sweden,2023,100
Sweden,2024,100
Sweden,2025,100
Sweden,2026,100
Sweden,2027,100
Sweden,2028,100
Sweden,2029,100
Sweden,2030,100
Sweden,2031,100
Sweden,2032,100
Sweden,2033,100
Sweden,2034,100
Sweden,2035,100
Sweden,2036,100
Sweden,2037,100
Sweden,2038,100
Sweden,2039,100
Sweden,2040,100
Sweden,2041,100
Sweden,2042,100
Sweden,2043,100
Sweden,2044,100
Sweden,2045,100
Sweden,2046,100
Sweden,2047,100
Sweden,2048,100
Sweden,2049,100
Sweden,2050,100
